64,7,69,chlorophyll,overgrow,nulo,razor-wind,swords-dance,cut,bind,vine-whip,headbutt,tackle
142,10,130,chlorophyll,overgrow,nulo,swords-dance,cut,bind,vine-whip,headbutt,tackle,body-slam
236,20,1000,chlorophyll,overgrow,nulo,swords-dance,cut,bind,vine-whip,headbutt,tackle,body-slam
62,6,85,solar-power,blaze,nulo,mega-punch,fire-punch,thunder-punch,scratch,swords-dance,cut,mega-kick
142,11,190,solar-power,blaze,nulo,mega-punch,fire-punch,thunder-punch,scratch,swords-dance,cut,mega-kick
240,17,905,solar-power,blaze,nulo,mega-punch,fire-punch,thunder-punch,scratch,swords-dance,cut,wing-attack
63,5,90,rain-dish,torrent,nulo,mega-punch,ice-punch,mega-kick,headbutt,tackle,body-slam,take-down
142,10,225,rain-dish,torrent,nulo,mega-punch,ice-punch,mega-kick,headbutt,tackle,body-slam,take-down
239,16,855,rain-dish,torrent,nulo,mega-punch,ice-punch,mega-kick,headbutt,tackle,body-slam,take-down
39,3,29,run-away,shield-dust,nulo,tackle,string-shot,snore,bug-bite,electroweb,body-slam,take-down
72,7,99,shed-skin,,nulo,string-shot,harden,iron-defense,bug-bite,electroweb,body-slam,take-down
178,11,320,tinted-lens,compound-eyes,nulo,razor-wind,gust,whirlwind,take-down,double-edge,supersonic,psybeam
39,3,32,run-away,shield-dust,nulo,poison-sting,string-shot,bug-bite,electroweb,nulo,supersonic,psybeam
72,6,100,shed-skin,,nulo,string-shot,harden,iron-defense,bug-bite,electroweb,supersonic,psybeam
178,10,295,sniper,swarm,nulo,swords-dance,cut,fury-attack,take-down,double-edge,twineedle,pin-missile
50,3,18,big-pecks,tangled-feet,keen-eye,razor-wind,gust,wing-attack,whirlwind,fly,sand-attack,tackle
122,11,300,big-pecks,tangled-feet,keen-eye,razor-wind,gust,wing-attack,whirlwind,fly,sand-attack,tackle
216,15,395,big-pecks,tangled-feet,keen-eye,razor-wind,gust,wing-attack,whirlwind,fly,sand-attack,tackle
51,3,35,hustle,guts,run-away,cut,headbutt,tackle,body-slam,take-down,double-edge,tail-whip
145,7,185,hustle,guts,run-away,swords-dance,cut,headbutt,tackle,body-slam,take-down,double-edge
52,3,20,sniper,keen-eye,nulo,razor-wind,whirlwind,fly,fury-attack,take-down,double-edge,leer
155,12,380,sniper,keen-eye,nulo,razor-wind,whirlwind,fly,fury-attack,take-down,double-edge,leer
58,20,69,unnerve,shed-skin,intimidate,bind,slam,headbutt,body-slam,wrap,take-down,double-edge
157,35,650,unnerve,shed-skin,intimidate,bind,headbutt,body-slam,wrap,take-down,double-edge,poison-sting
112,4,60,lightning-rod,static,nulo,mega-punch,pay-day,thunder-punch,slam,mega-kick,headbutt,body-slam
218,8,300,lightning-rod,static,nulo,mega-punch,pay-day,thunder-punch,mega-kick,headbutt,body-slam,take-down
60,6,120,sand-rush,sand-veil,nulo,scratch,swords-dance,cut,sand-attack,headbutt,body-slam,take-down
158,10,295,sand-rush,sand-veil,nulo,scratch,swords-dance,cut,sand-attack,headbutt,body-slam,take-down
55,4,70,hustle,rivalry,poison-point,scratch,cut,double-kick,headbutt,tackle,body-slam,take-down
128,8,200,hustle,rivalry,poison-point,scratch,cut,double-kick,headbutt,horn-drill,tackle,body-slam
227,13,600,sheer-force,rivalry,poison-point,mega-punch,pay-day,fire-punch,ice-punch,thunder-punch,scratch,cut
55,5,90,hustle,rivalry,poison-point,cut,double-kick,headbutt,horn-attack,fury-attack,horn-drill,tackle
128,9,195,hustle,rivalry,poison-point,cut,double-kick,headbutt,horn-attack,fury-attack,horn-drill,tackle
227,14,620,sheer-force,rivalry,poison-point,mega-punch,pay-day,fire-punch,ice-punch,thunder-punch,cut,double-kick
113,6,75,friend-guard,magic-guard,cute-charm,pound,double-slap,mega-punch,fire-punch,ice-punch,thunder-punch,mega-kick
217,13,400,unaware,magic-guard,cute-charm,double-slap,mega-punch,fire-punch,ice-punch,thunder-punch,mega-kick,headbutt
60,6,99,drought,flash-fire,nulo,headbutt,body-slam,take-down,double-edge,tail-whip,roar,disable
177,11,199,drought,flash-fire,nulo,headbutt,body-slam,take-down,double-edge,tail-whip,roar,ember
95,5,55,friend-guard,competitive,cute-charm,pound,double-slap,mega-punch,fire-punch,ice-punch,thunder-punch,mega-kick
196,10,120,frisk,competitive,cute-charm,double-slap,mega-punch,fire-punch,ice-punch,thunder-punch,mega-kick,headbutt
49,8,75,infiltrator,inner-focus,nulo,razor-wind,gust,wing-attack,whirlwind,fly,take-down,double-edge
159,16,550,infiltrator,inner-focus,nulo,razor-wind,wing-attack,whirlwind,fly,take-down,double-edge,bite
64,5,54,run-away,chlorophyll,nulo,swords-dance,cut,take-down,double-edge,acid,absorb,mega-drain
138,8,86,stench,chlorophyll,nulo,swords-dance,cut,take-down,double-edge,acid,absorb,mega-drain
221,12,186,effect-spore,chlorophyll,nulo,swords-dance,cut,body-slam,take-down,double-edge,acid,hyper-beam
57,3,54,damp,dry-skin,effect-spore,scratch,swords-dance,cut,body-slam,take-down,double-edge,psybeam
142,10,295,damp,dry-skin,effect-spore,scratch,swords-dance,cut,body-slam,take-down,double-edge,hyper-beam
61,10,300,run-away,tinted-lens,compound-eyes,tackle,take-down,double-edge,supersonic,disable,psybeam,mega-drain
158,15,125,wonder-skin,tinted-lens,shield-dust,razor-wind,gust,whirlwind,tackle,take-down,double-edge,supersonic
53,2,8,sand-force,arena-trap,sand-veil,scratch,cut,sand-attack,headbutt,body-slam,take-down,double-edge
149,7,333,sand-force,arena-trap,sand-veil,scratch,cut,sand-attack,body-slam,take-down,double-edge,growl
58,4,42,unnerve,technician,pickup,pay-day,scratch,cut,headbutt,body-slam,take-down,double-edge
154,10,320,unnerve,technician,limber,pay-day,scratch,cut,headbutt,body-slam,take-down,double-edge
64,8,196,swift-swim,cloud-nine,damp,mega-punch,pay-day,ice-punch,scratch,mega-kick,headbutt,body-slam
175,17,766,swift-swim,cloud-nine,damp,mega-punch,pay-day,ice-punch,scratch,mega-kick,headbutt,body-slam
61,5,280,defiant,anger-point,vital-spirit,karate-chop,mega-punch,pay-day,fire-punch,ice-punch,thunder-punch,scratch
159,10,320,defiant,anger-point,vital-spirit,karate-chop,mega-punch,pay-day,fire-punch,ice-punch,thunder-punch,scratch
70,7,190,justified,flash-fire,intimidate,double-kick,headbutt,body-slam,take-down,thrash,double-edge,leer
194,19,1550,justified,flash-fire,intimidate,headbutt,body-slam,take-down,double-edge,leer,bite,roar
60,6,124,swift-swim,damp,water-absorb,double-slap,headbutt,body-slam,take-down,double-edge,mist,water-gun
135,10,200,swift-swim,damp,water-absorb,double-slap,mega-punch,ice-punch,mega-kick,headbutt,body-slam,take-down
230,13,540,swift-swim,damp,water-absorb,double-slap,mega-punch,ice-punch,mega-kick,headbutt,body-slam,take-down
62,9,195,magic-guard,inner-focus,synchronize,mega-punch,fire-punch,ice-punch,thunder-punch,mega-kick,headbutt,body-slam
140,13,565,magic-guard,inner-focus,synchronize,mega-punch,fire-punch,ice-punch,thunder-punch,mega-kick,headbutt,body-slam
225,15,480,magic-guard,inner-focus,synchronize,mega-punch,fire-punch,ice-punch,thunder-punch,mega-kick,headbutt,body-slam
61,8,195,steadfast,no-guard,guts,karate-chop,mega-punch,fire-punch,ice-punch,thunder-punch,mega-kick,rolling-kick
142,15,705,steadfast,no-guard,guts,karate-chop,mega-punch,fire-punch,ice-punch,thunder-punch,mega-kick,headbutt
227,16,1300,steadfast,no-guard,guts,karate-chop,mega-punch,fire-punch,ice-punch,thunder-punch,mega-kick,headbutt
60,7,40,gluttony,chlorophyll,nulo,swords-dance,cut,bind,slam,vine-whip,wrap,take-down
137,10,64,gluttony,chlorophyll,nulo,swords-dance,cut,bind,slam,vine-whip,wrap,take-down
221,17,155,gluttony,chlorophyll,nulo,swords-dance,cut,bind,vine-whip,body-slam,wrap,take-down
67,9,455,rain-dish,liquid-ooze,clear-body,swords-dance,cut,bind,wrap,take-down,double-edge,poison-sting
180,16,550,rain-dish,liquid-ooze,clear-body,swords-dance,cut,bind,wrap,take-down,double-edge,poison-sting
60,4,200,sand-veil,sturdy,rock-head,mega-punch,fire-punch,thunder-punch,headbutt,tackle,body-slam,take-down
137,10,1050,sand-veil,sturdy,rock-head,mega-punch,fire-punch,thunder-punch,headbutt,tackle,body-slam,take-down
223,14,3000,sand-veil,sturdy,rock-head,mega-punch,fire-punch,thunder-punch,mega-kick,headbutt,tackle,body-slam
82,10,300,flame-body,flash-fire,run-away,stomp,double-kick,headbutt,horn-drill,tackle,body-slam,take-down
175,17,950,flame-body,flash-fire,run-away,stomp,headbutt,fury-attack,horn-drill,tackle,body-slam,take-down
63,12,360,regenerator,own-tempo,oblivious,pay-day,stomp,headbutt,tackle,body-slam,take-down,double-edge
172,16,785,regenerator,own-tempo,oblivious,mega-punch,pay-day,ice-punch,mega-kick,headbutt,tackle,body-slam
65,3,60,analytic,sturdy,magnet-pull,tackle,take-down,double-edge,supersonic,sonic-boom,thunder-shock,thunderbolt
163,10,600,analytic,sturdy,magnet-pull,tackle,take-down,double-edge,supersonic,sonic-boom,hyper-beam,thunder-shock
132,8,150,defiant,inner-focus,keen-eye,razor-wind,swords-dance,cut,gust,whirlwind,fly,sand-attack
62,14,392,tangled-feet,early-bird,run-away,swords-dance,whirlwind,fly,jump-kick,fury-attack,body-slam,take-down
165,18,852,tangled-feet,early-bird,run-away,swords-dance,whirlwind,fly,jump-kick,fury-attack,body-slam,take-down
65,11,900,ice-body,hydration,thick-fat,pay-day,slam,headbutt,horn-drill,body-slam,take-down,double-edge
166,17,1200,ice-body,hydration,thick-fat,pay-day,headbutt,horn-drill,body-slam,take-down,double-edge,growl
65,9,300,poison-touch,sticky-hold,stench,pound,fire-punch,ice-punch,thunder-punch,body-slam,disable,flamethrower
175,12,300,poison-touch,sticky-hold,stench,pound,fire-punch,ice-punch,thunder-punch,body-slam,disable,flamethrower
61,3,40,overcoat,skill-link,shell-armor,tackle,take-down,double-edge,twineedle,leer,supersonic,water-gun
184,15,1325,overcoat,skill-link,shell-armor,take-down,double-edge,supersonic,water-gun,hydro-pump,surf,ice-beam
62,13,1,levitate,nulo,nulo,fire-punch,ice-punch,thunder-punch,disable,mega-drain,thunderbolt,thunder
142,16,1,levitate,nulo,nulo,fire-punch,ice-punch,thunder-punch,mega-drain,thunderbolt,thunder,toxic
225,15,405,cursed-body,nulo,nulo,mega-punch,fire-punch,ice-punch,thunder-punch,mega-kick,headbutt,body-slam
77,88,2100,weak-armor,sturdy,rock-head,bind,slam,headbutt,tackle,body-slam,take-down,double-edge
66,10,324,inner-focus,forewarn,insomnia,pound,mega-punch,fire-punch,ice-punch,thunder-punch,mega-kick,headbutt
169,16,756,inner-focus,forewarn,insomnia,pound,mega-punch,fire-punch,ice-punch,thunder-punch,mega-kick,headbutt
65,4,65,sheer-force,shell-armor,hyper-cutter,vice-grip,guillotine,swords-dance,cut,slam,stomp,body-slam
166,13,600,sheer-force,shell-armor,hyper-cutter,vice-grip,guillotine,swords-dance,cut,slam,stomp,body-slam
66,5,104,aftermath,static,soundproof,headbutt,tackle,take-down,sonic-boom,thunderbolt,thunder-wave,thunder
172,12,666,aftermath,static,soundproof,headbutt,tackle,take-down,sonic-boom,hyper-beam,thunderbolt,thunder-wave
65,4,25,harvest,chlorophyll,nulo,swords-dance,take-down,double-edge,strength,mega-drain,leech-seed,solar-beam
186,20,1200,harvest,chlorophyll,nulo,swords-dance,stomp,headbutt,take-down,double-edge,hyper-beam,low-kick
64,4,65,battle-armor,lightning-rod,rock-head,mega-punch,fire-punch,thunder-punch,swords-dance,double-kick,mega-kick,headbutt
149,10,450,battle-armor,lightning-rod,rock-head,mega-punch,fire-punch,thunder-punch,swords-dance,mega-kick,headbutt,body-slam
159,15,498,unburden,reckless,limber,mega-punch,double-kick,mega-kick,jump-kick,rolling-kick,headbutt,body-slam
159,14,502,inner-focus,iron-fist,keen-eye,comet-punch,mega-punch,fire-punch,ice-punch,thunder-punch,mega-kick,headbutt
77,12,655,cloud-nine,oblivious,own-tempo,mega-punch,fire-punch,ice-punch,thunder-punch,swords-dance,cut,bind
68,6,10,levitate,nulo,nulo,tackle,flamethrower,psybeam,thunderbolt,thunder,toxic,rage
172,12,95,levitate,nulo,nulo,tackle,flamethrower,hyper-beam,thunderbolt,thunder,toxic,rage
69,10,1150,reckless,rock-head,lightning-rod,swords-dance,stomp,headbutt,horn-attack,fury-attack,horn-drill,body-slam
170,19,1200,reckless,rock-head,lightning-rod,mega-punch,pay-day,fire-punch,ice-punch,thunder-punch,swords-dance,cut
395,11,346,healer,serene-grace,natural-cure,pound,double-slap,mega-punch,fire-punch,ice-punch,thunder-punch,mega-kick
87,10,350,regenerator,leaf-guard,chlorophyll,swords-dance,cut,bind,slam,vine-whip,headbutt,body-slam
172,22,800,inner-focus,scrappy,early-bird,comet-punch,mega-punch,fire-punch,ice-punch,thunder-punch,cut,stomp
59,4,80,damp,sniper,swift-swim,razor-wind,headbutt,take-down,double-edge,leer,disable,water-gun
154,12,250,damp,sniper,poison-point,headbutt,take-down,double-edge,leer,water-gun,hydro-pump,surf
64,6,150,lightning-rod,water-veil,swift-swim,horn-attack,fury-attack,horn-drill,body-slam,take-down,double-edge,tail-whip
158,13,390,lightning-rod,water-veil,swift-swim,horn-attack,fury-attack,horn-drill,take-down,double-edge,tail-whip,supersonic
68,8,345,analytic,natural-cure,illuminate,tackle,take-down,double-edge,supersonic,water-gun,hydro-pump,surf
182,11,800,analytic,natural-cure,illuminate,tackle,take-down,double-edge,water-gun,hydro-pump,surf,ice-beam
161,13,545,technician,filter,soundproof,double-slap,mega-punch,fire-punch,ice-punch,thunder-punch,mega-kick,headbutt
100,15,560,steadfast,technician,swarm,razor-wind,swords-dance,cut,wing-attack,headbutt,take-down,double-edge
159,14,406,dry-skin,forewarn,oblivious,pound,double-slap,mega-punch,ice-punch,mega-kick,headbutt,body-slam
172,11,300,vital-spirit,static,nulo,mega-punch,fire-punch,ice-punch,thunder-punch,mega-kick,headbutt,body-slam
173,13,445,vital-spirit,flame-body,nulo,mega-punch,fire-punch,thunder-punch,mega-kick,headbutt,body-slam,take-down
175,15,550,moxie,mold-breaker,hyper-cutter,vice-grip,guillotine,swords-dance,cut,bind,headbutt,fury-attack
172,14,884,sheer-force,anger-point,intimidate,stomp,headbutt,horn-attack,horn-drill,tackle,body-slam,take-down
40,9,100,rattled,swift-swim,nulo,tackle,splash,flail,bounce,nulo,nulo,nulo
189,65,2350,moxie,intimidate,nulo,headbutt,tackle,body-slam,take-down,thrash,double-edge,leer
187,25,2200,hydration,shell-armor,water-absorb,headbutt,horn-drill,body-slam,take-down,double-edge,growl,roar
101,3,40,imposter,limber,nulo,transform,nulo,nulo,nulo,nulo,nulo,nulo
65,3,65,anticipation,adaptability,run-away,sand-attack,headbutt,tackle,body-slam,take-down,double-edge,tail-whip
184,10,290,hydration,water-absorb,nulo,sand-attack,headbutt,tackle,body-slam,take-down,double-edge,tail-whip
184,8,245,quick-feet,volt-absorb,nulo,double-kick,sand-attack,headbutt,tackle,body-slam,take-down,double-edge
184,9,250,guts,flash-fire,nulo,sand-attack,headbutt,tackle,body-slam,take-down,double-edge,tail-whip
79,8,365,analytic,download,trace,tackle,take-down,double-edge,ice-beam,blizzard,psybeam,hyper-beam
71,4,75,weak-armor,shell-armor,swift-swim,bind,slam,headbutt,horn-attack,body-slam,take-down,double-edge
173,10,350,weak-armor,shell-armor,swift-swim,bind,headbutt,horn-attack,horn-drill,body-slam,take-down,double-edge
71,5,115,weak-armor,battle-armor,swift-swim,scratch,sand-attack,body-slam,take-down,double-edge,leer,water-gun
173,13,405,weak-armor,battle-armor,swift-swim,scratch,razor-wind,swords-dance,cut,mega-kick,sand-attack,headbutt
180,18,590,unnerve,pressure,rock-head,razor-wind,wing-attack,whirlwind,fly,headbutt,take-down,double-edge
189,21,4600,gluttony,thick-fat,immunity,mega-punch,pay-day,fire-punch,ice-punch,thunder-punch,whirlwind,mega-kick
261,17,554,snow-cloak,pressure,nulo,razor-wind,gust,whirlwind,fly,take-down,double-edge,roar
261,16,526,static,pressure,nulo,razor-wind,whirlwind,fly,take-down,double-edge,roar,hyper-beam
261,20,600,flame-body,pressure,nulo,razor-wind,wing-attack,whirlwind,fly,take-down,double-edge,leer
60,18,33,marvel-scale,shed-skin,nulo,bind,slam,headbutt,body-slam,wrap,take-down,double-edge
147,40,165,marvel-scale,shed-skin,nulo,bind,slam,headbutt,horn-drill,body-slam,wrap,take-down
270,22,2100,multiscale,inner-focus,nulo,fire-punch,ice-punch,thunder-punch,razor-wind,cut,wing-attack,fly
306,20,1220,unnerve,pressure,nulo,mega-punch,pay-day,fire-punch,ice-punch,thunder-punch,mega-kick,headbutt
270,4,40,synchronize,,nulo,pound,mega-punch,pay-day,fire-punch,ice-punch,thunder-punch,razor-wind
64,9,64,leaf-guard,overgrow,nulo,swords-dance,cut,vine-whip,headbutt,tackle,body-slam,double-edge
142,12,158,leaf-guard,overgrow,nulo,swords-dance,cut,headbutt,tackle,body-slam,double-edge,growl
236,18,1005,leaf-guard,overgrow,nulo,swords-dance,cut,headbutt,tackle,body-slam,double-edge,growl
62,5,79,flash-fire,blaze,nulo,cut,double-kick,headbutt,tackle,body-slam,thrash,double-edge
142,9,190,flash-fire,blaze,nulo,cut,headbutt,tackle,body-slam,double-edge,leer,roar
240,17,795,flash-fire,blaze,nulo,mega-punch,fire-punch,thunder-punch,cut,mega-kick,headbutt,tackle
63,6,95,sheer-force,torrent,nulo,mega-punch,ice-punch,scratch,razor-wind,swords-dance,cut,mega-kick
142,11,250,sheer-force,torrent,nulo,mega-punch,ice-punch,scratch,swords-dance,cut,mega-kick,headbutt
239,23,888,sheer-force,torrent,nulo,mega-punch,ice-punch,scratch,swords-dance,cut,mega-kick,headbutt
43,8,60,frisk,keen-eye,run-away,fire-punch,ice-punch,thunder-punch,scratch,cut,slam,headbutt
145,18,325,frisk,keen-eye,run-away,fire-punch,ice-punch,thunder-punch,scratch,cut,slam,headbutt
52,7,212,tinted-lens,keen-eye,insomnia,wing-attack,whirlwind,fly,tackle,take-down,double-edge,growl
158,16,408,tinted-lens,keen-eye,insomnia,fly,tackle,take-down,double-edge,growl,hyper-beam,peck
53,10,108,rattled,early-bird,swarm,comet-punch,mega-punch,ice-punch,thunder-punch,swords-dance,headbutt,tackle
137,14,356,iron-fist,early-bird,swarm,comet-punch,mega-punch,ice-punch,thunder-punch,swords-dance,headbutt,tackle
50,5,85,sniper,insomnia,swarm,body-slam,double-edge,poison-sting,twineedle,pin-missile,sonic-boom,disable
140,11,335,sniper,insomnia,swarm,swords-dance,body-slam,double-edge,poison-sting,pin-missile,hyper-beam,absorb
241,18,750,infiltrator,inner-focus,nulo,wing-attack,fly,double-edge,bite,supersonic,hyper-beam,absorb
66,5,120,water-absorb,illuminate,volt-absorb,take-down,double-edge,supersonic,mist,water-gun,hydro-pump,surf
161,12,225,water-absorb,illuminate,volt-absorb,take-down,double-edge,supersonic,water-gun,hydro-pump,surf,ice-beam
41,3,20,lightning-rod,static,nulo,double-slap,mega-punch,thunder-punch,mega-kick,headbutt,body-slam,double-edge
44,3,30,friend-guard,magic-guard,cute-charm,pound,mega-punch,mega-kick,headbutt,body-slam,double-edge,sing
42,3,10,friend-guard,competitive,cute-charm,pound,mega-punch,mega-kick,headbutt,body-slam,double-edge,sing
49,3,15,super-luck,serene-grace,hustle,mega-punch,mega-kick,headbutt,body-slam,double-edge,growl,flamethrower
142,6,32,super-luck,serene-grace,hustle,mega-punch,fly,mega-kick,headbutt,body-slam,double-edge,growl
64,2,20,magic-bounce,early-bird,synchronize,double-edge,leer,peck,drill-peck,solar-beam,thunder-wave,toxic
165,15,150,magic-bounce,early-bird,synchronize,fly,double-edge,leer,hyper-beam,peck,solar-beam,thunder-wave
56,6,78,plus,static,nulo,sand-attack,headbutt,tackle,body-slam,take-down,double-edge,growl
128,8,133,plus,static,nulo,mega-punch,fire-punch,thunder-punch,mega-kick,headbutt,tackle,body-slam
230,14,615,plus,static,nulo,mega-punch,fire-punch,thunder-punch,mega-kick,headbutt,tackle,body-slam
221,4,58,healer,chlorophyll,nulo,swords-dance,cut,double-edge,hyper-beam,absorb,mega-drain,solar-beam
88,4,85,sap-sipper,huge-power,thick-fat,mega-punch,ice-punch,mega-kick,headbutt,tackle,body-slam,double-edge
189,8,285,sap-sipper,huge-power,thick-fat,mega-punch,ice-punch,mega-kick,headbutt,tackle,body-slam,double-edge
144,12,380,rattled,rock-head,sturdy,mega-punch,fire-punch,ice-punch,thunder-punch,slam,mega-kick,headbutt
225,11,339,drizzle,damp,water-absorb,double-slap,mega-punch,ice-punch,mega-kick,headbutt,body-slam,double-edge
50,4,5,infiltrator,leaf-guard,chlorophyll,pay-day,swords-dance,headbutt,tackle,double-edge,tail-whip,growl
119,6,10,infiltrator,leaf-guard,chlorophyll,swords-dance,headbutt,tackle,double-edge,tail-whip,mega-drain,leech-seed
207,8,30,infiltrator,leaf-guard,chlorophyll,swords-dance,headbutt,tackle,double-edge,tail-whip,hyper-beam,mega-drain
72,8,115,skill-link,pickup,run-away,double-slap,mega-punch,fire-punch,ice-punch,thunder-punch,scratch,cut
36,3,18,early-bird,solar-power,chlorophyll,swords-dance,cut,double-edge,absorb,mega-drain,leech-seed,growth
149,8,85,early-bird,solar-power,chlorophyll,pound,swords-dance,cut,double-edge,hyper-beam,absorb,mega-drain
78,12,380,frisk,compound-eyes,speed-boost,wing-attack,whirlwind,headbutt,tackle,double-edge,supersonic,sonic-boom
42,4,85,unaware,water-absorb,damp,ice-punch,slam,double-kick,headbutt,body-slam,double-edge,tail-whip
151,14,750,unaware,water-absorb,damp,mega-punch,ice-punch,slam,mega-kick,headbutt,body-slam,double-edge
184,9,265,magic-bounce,synchronize,nulo,cut,sand-attack,headbutt,tackle,body-slam,double-edge,tail-whip
184,10,270,inner-focus,synchronize,nulo,cut,sand-attack,headbutt,tackle,body-slam,double-edge,tail-whip
81,5,21,prankster,super-luck,insomnia,wing-attack,whirlwind,fly,double-edge,peck,drill-peck,thunder-wave
172,20,795,regenerator,own-tempo,oblivious,mega-punch,ice-punch,mega-kick,headbutt,tackle,body-slam,double-edge
87,7,10,levitate,nulo,nulo,headbutt,double-edge,growl,psybeam,thunderbolt,thunder-wave,thunder
118,5,50,levitate,nulo,nulo,hidden-power,nulo,nulo,nulo,nulo,nulo,nulo
142,13,285,telepathy,shadow-tag,nulo,counter,destiny-bond,safeguard,mirror-coat,nulo,nulo,nulo
159,15,415,sap-sipper,early-bird,inner-focus,razor-wind,stomp,double-kick,headbutt,tackle,body-slam,take-down
58,6,72,overcoat,sturdy,nulo,headbutt,tackle,body-slam,take-down,double-edge,pin-missile,counter
163,12,1258,overcoat,sturdy,nulo,headbutt,tackle,body-slam,take-down,double-edge,hyper-beam,counter
145,15,140,rattled,run-away,serene-grace,bind,headbutt,body-slam,take-down,double-edge,bite,flamethrower
86,11,648,immunity,sand-veil,hyper-cutter,guillotine,razor-wind,swords-dance,cut,wing-attack,sand-attack,headbutt
179,92,4000,sheer-force,sturdy,rock-head,cut,bind,slam,headbutt,tackle,body-slam,double-edge
60,6,78,rattled,run-away,intimidate,mega-punch,fire-punch,ice-punch,thunder-punch,mega-kick,headbutt,tackle
158,14,487,rattled,quick-feet,intimidate,mega-punch,fire-punch,ice-punch,thunder-punch,mega-kick,headbutt,tackle
88,5,39,intimidate,swift-swim,poison-point,swords-dance,headbutt,tackle,take-down,double-edge,poison-sting,pin-missile
175,18,1180,light-metal,technician,swarm,razor-wind,swords-dance,cut,headbutt,double-edge,leer,hyper-beam
177,6,205,contrary,gluttony,sturdy,bind,headbutt,body-slam,wrap,double-edge,acid,strength
175,15,540,moxie,guts,swarm,swords-dance,cut,headbutt,horn-attack,fury-attack,tackle,body-slam
86,9,280,pickpocket,keen-eye,inner-focus,ice-punch,scratch,swords-dance,cut,headbutt,double-edge,leer
66,6,88,honey-gather,quick-feet,pickup,mega-punch,fire-punch,ice-punch,thunder-punch,scratch,swords-dance,cut
175,18,1258,unnerve,quick-feet,guts,mega-punch,fire-punch,ice-punch,thunder-punch,scratch,swords-dance,cut
50,7,350,weak-armor,flame-body,magma-armor,body-slam,double-edge,ember,flamethrower,rock-throw,toxic,mimic
151,8,550,weak-armor,flame-body,magma-armor,body-slam,double-edge,ember,flamethrower,hyper-beam,strength,solar-beam
50,4,65,thick-fat,snow-cloak,oblivious,headbutt,tackle,body-slam,take-down,double-edge,bite,roar
158,11,558,thick-fat,snow-cloak,oblivious,headbutt,horn-attack,fury-attack,body-slam,take-down,thrash,double-edge
144,6,50,regenerator,natural-cure,hustle,headbutt,tackle,body-slam,double-edge,mist,surf,ice-beam
60,6,120,moody,sniper,hustle,double-edge,supersonic,flamethrower,water-gun,hydro-pump,surf,ice-beam
168,9,285,moody,sniper,suction-cups,bind,double-edge,flamethrower,water-gun,hydro-pump,surf,ice-beam
116,9,160,insomnia,hustle,vital-spirit,mega-punch,ice-punch,fly,mega-kick,headbutt,body-slam,double-edge
170,21,2200,water-veil,water-absorb,swift-swim,wing-attack,slam,headbutt,tackle,body-slam,take-down,double-edge
163,17,505,weak-armor,sturdy,keen-eye,swords-dance,cut,whirlwind,fly,sand-attack,fury-attack,double-edge
66,6,108,unnerve,flash-fire,early-bird,headbutt,body-slam,double-edge,leer,bite,roar,ember
175,14,350,unnerve,flash-fire,early-bird,headbutt,body-slam,double-edge,leer,bite,roar,ember
243,18,1520,damp,sniper,swift-swim,headbutt,body-slam,double-edge,leer,water-gun,hydro-pump,surf
66,5,335,sand-veil,pickup,nulo,slam,headbutt,tackle,body-slam,take-down,double-edge,growl
175,11,1200,sand-veil,sturdy,nulo,slam,headbutt,horn-attack,fury-attack,body-slam,double-edge,growl
180,6,325,analytic,download,trace,tackle,double-edge,ice-beam,blizzard,psybeam,hyper-beam,solar-beam
163,14,712,sap-sipper,frisk,intimidate,stomp,double-kick,jump-kick,sand-attack,headbutt,tackle,body-slam
88,12,580,moody,technician,own-tempo,sketch,nulo,nulo,nulo,nulo,nulo,nulo
42,7,210,vital-spirit,steadfast,guts,mega-kick,headbutt,tackle,body-slam,double-edge,low-kick,counter
159,14,480,steadfast,technician,intimidate,mega-kick,rolling-kick,headbutt,body-slam,double-edge,low-kick,counter
61,4,60,hydration,forewarn,oblivious,pound,mega-punch,ice-punch,mega-kick,body-slam,double-edge,sing
72,6,235,vital-spirit,static,nulo,karate-chop,mega-punch,fire-punch,ice-punch,thunder-punch,mega-kick,rolling-kick
73,7,214,vital-spirit,flame-body,nulo,karate-chop,mega-punch,fire-punch,thunder-punch,mega-kick,headbutt,body-slam
172,12,755,sap-sipper,scrappy,thick-fat,mega-punch,fire-punch,ice-punch,thunder-punch,stomp,mega-kick,headbutt
608,15,468,healer,serene-grace,natural-cure,pound,double-slap,mega-punch,fire-punch,ice-punch,thunder-punch,mega-kick
261,19,1780,inner-focus,pressure,nulo,cut,headbutt,body-slam,double-edge,leer,bite,roar
261,21,1980,inner-focus,pressure,nulo,cut,stomp,headbutt,body-slam,double-edge,leer,bite
261,20,1870,inner-focus,pressure,nulo,cut,gust,headbutt,body-slam,double-edge,leer,bite
60,6,720,sand-veil,guts,nulo,stomp,headbutt,body-slam,thrash,double-edge,leer,bite
144,12,1520,shed-skin,,nulo,headbutt,body-slam,thrash,double-edge,leer,bite,hyper-beam
270,20,2020,unnerve,sand-stream,nulo,mega-punch,fire-punch,ice-punch,thunder-punch,cut,mega-kick,headbutt
306,52,2160,multiscale,pressure,nulo,gust,whirlwind,fly,headbutt,body-slam,double-edge,roar
306,38,1990,regenerator,pressure,nulo,gust,whirlwind,fly,double-edge,roar,flamethrower,hyper-beam
270,6,50,natural-cure,,nulo,swords-dance,cut,double-edge,hyper-beam,leech-seed,solar-beam,thunder-wave
62,5,50,unburden,overgrow,nulo,pound,mega-punch,thunder-punch,razor-wind,swords-dance,cut,slam
142,9,216,unburden,overgrow,nulo,pound,mega-punch,thunder-punch,swords-dance,cut,slam,mega-kick
239,17,522,unburden,overgrow,nulo,pound,mega-punch,thunder-punch,swords-dance,cut,slam,mega-kick
62,4,25,speed-boost,blaze,nulo,mega-punch,scratch,swords-dance,cut,mega-kick,sand-attack,headbutt
142,9,195,speed-boost,blaze,nulo,mega-punch,fire-punch,thunder-punch,scratch,swords-dance,cut,double-kick
239,19,520,speed-boost,blaze,nulo,mega-punch,fire-punch,thunder-punch,scratch,swords-dance,cut,double-kick
62,4,76,damp,torrent,nulo,stomp,headbutt,tackle,body-slam,take-down,double-edge,bite
142,7,280,damp,torrent,nulo,mega-punch,ice-punch,mega-kick,headbutt,tackle,body-slam,take-down
241,15,819,damp,torrent,nulo,mega-punch,ice-punch,mega-kick,headbutt,tackle,body-slam,take-down
56,5,136,rattled,quick-feet,run-away,sand-attack,headbutt,tackle,body-slam,take-down,double-edge,leer
147,10,370,moxie,quick-feet,intimidate,sand-attack,headbutt,tackle,body-slam,take-down,double-edge,bite
56,4,175,quick-feet,gluttony,pickup,cut,sand-attack,headbutt,tackle,body-slam,take-down,double-edge
147,5,325,quick-feet,gluttony,pickup,cut,sand-attack,headbutt,tackle,body-slam,double-edge,tail-whip
56,3,36,run-away,shield-dust,nulo,tackle,poison-sting,string-shot,snore,bug-bite,electroweb,nulo
72,6,100,shed-skin,,nulo,string-shot,harden,iron-defense,bug-bite,electroweb,nulo,nulo
178,10,284,rivalry,swarm,nulo,gust,whirlwind,double-edge,hyper-beam,absorb,mega-drain,solar-beam
72,7,115,shed-skin,,nulo,string-shot,harden,iron-defense,bug-bite,electroweb,nulo,nulo
173,12,316,compound-eyes,shield-dust,nulo,gust,whirlwind,double-edge,psybeam,hyper-beam,solar-beam,poison-powder
44,5,26,own-tempo,rain-dish,swift-swim,swords-dance,headbutt,body-slam,double-edge,growl,mist,water-gun
119,12,325,own-tempo,rain-dish,swift-swim,fire-punch,ice-punch,thunder-punch,swords-dance,headbutt,body-slam,double-edge
216,15,550,own-tempo,rain-dish,swift-swim,mega-punch,fire-punch,ice-punch,thunder-punch,swords-dance,mega-kick,headbutt
44,5,40,pickpocket,early-bird,chlorophyll,razor-wind,swords-dance,headbutt,body-slam,take-down,double-edge,leech-seed
119,10,280,pickpocket,early-bird,chlorophyll,pound,razor-wind,swords-dance,cut,mega-kick,headbutt,body-slam
216,13,596,pickpocket,early-bird,chlorophyll,pound,swords-dance,cut,whirlwind,mega-kick,headbutt,body-slam
54,3,23,scrappy,guts,nulo,wing-attack,whirlwind,fly,double-edge,growl,supersonic,peck
159,7,198,scrappy,guts,nulo,wing-attack,fly,double-edge,growl,hyper-beam,peck,counter
54,6,95,rain-dish,hydration,keen-eye,gust,wing-attack,fly,double-edge,growl,supersonic,mist
154,12,280,rain-dish,drizzle,keen-eye,wing-attack,fly,double-edge,growl,supersonic,mist,water-gun
40,4,66,telepathy,trace,synchronize,fire-punch,ice-punch,thunder-punch,headbutt,body-slam,double-edge,growl
97,8,202,telepathy,trace,synchronize,fire-punch,ice-punch,thunder-punch,headbutt,body-slam,double-edge,growl
233,16,484,telepathy,trace,synchronize,fire-punch,ice-punch,thunder-punch,headbutt,body-slam,double-edge,growl
54,5,17,rain-dish,swift-swim,nulo,double-edge,mist,hydro-pump,ice-beam,blizzard,psybeam,bubble-beam
159,8,36,unnerve,intimidate,nulo,gust,whirlwind,double-edge,ice-beam,blizzard,hyper-beam,solar-beam
59,4,45,quick-feet,poison-heal,effect-spore,swords-dance,headbutt,tackle,body-slam,double-edge,absorb,mega-drain
161,12,392,technician,poison-heal,effect-spore,mega-punch,thunder-punch,swords-dance,cut,mega-kick,headbutt,tackle
56,8,240,truant,nulo,nulo,mega-punch,fire-punch,ice-punch,thunder-punch,scratch,cut,mega-kick
154,14,465,vital-spirit,nulo,nulo,mega-punch,fire-punch,ice-punch,thunder-punch,scratch,cut,mega-kick
252,20,1305,truant,nulo,nulo,mega-punch,fire-punch,ice-punch,thunder-punch,scratch,cut,mega-kick
53,5,55,run-away,compound-eyes,nulo,scratch,cut,gust,sand-attack,double-edge,absorb,solar-beam
160,8,120,infiltrator,speed-boost,nulo,scratch,swords-dance,cut,sand-attack,double-edge,hyper-beam,absorb
83,8,12,wonder-guard,nulo,nulo,scratch,cut,sand-attack,double-edge,hyper-beam,absorb,solar-beam
48,6,163,rattled,soundproof,nulo,pound,mega-punch,fire-punch,ice-punch,thunder-punch,stomp,mega-kick
126,10,405,scrappy,soundproof,nulo,pound,mega-punch,fire-punch,ice-punch,thunder-punch,stomp,mega-kick
221,15,840,scrappy,soundproof,nulo,pound,mega-punch,fire-punch,ice-punch,thunder-punch,stomp,mega-kick
47,10,864,sheer-force,guts,thick-fat,mega-punch,fire-punch,ice-punch,thunder-punch,whirlwind,mega-kick,sand-attack
166,23,2538,sheer-force,guts,thick-fat,mega-punch,fire-punch,ice-punch,thunder-punch,whirlwind,mega-kick,sand-attack
38,2,20,sap-sipper,huge-power,thick-fat,slam,headbutt,body-slam,double-edge,tail-whip,sing,water-gun
75,10,970,sand-force,magnet-pull,sturdy,fire-punch,ice-punch,thunder-punch,headbutt,tackle,body-slam,double-edge
52,6,110,wonder-skin,normalize,cute-charm,double-slap,headbutt,tackle,body-slam,double-edge,tail-whip,growl
140,11,326,wonder-skin,normalize,cute-charm,double-slap,headbutt,body-slam,double-edge,growl,sing,ice-beam
133,5,110,prankster,stall,keen-eye,mega-punch,fire-punch,ice-punch,thunder-punch,scratch,cut,mega-kick
133,6,115,sheer-force,intimidate,hyper-cutter,mega-punch,ice-punch,thunder-punch,vice-grip,swords-dance,slam,mega-kick
66,4,600,heavy-metal,rock-head,sturdy,cut,stomp,headbutt,tackle,body-slam,take-down,double-edge
151,9,1200,heavy-metal,rock-head,sturdy,cut,headbutt,tackle,body-slam,take-down,double-edge,roar
239,21,3600,heavy-metal,rock-head,sturdy,mega-punch,fire-punch,ice-punch,thunder-punch,cut,mega-kick,headbutt
56,6,112,telepathy,pure-power,nulo,mega-punch,fire-punch,ice-punch,thunder-punch,mega-kick,headbutt,body-slam
144,13,315,telepathy,pure-power,nulo,mega-punch,fire-punch,ice-punch,thunder-punch,mega-kick,headbutt,body-slam
59,6,152,minus,lightning-rod,static,headbutt,tackle,body-slam,double-edge,leer,bite,roar
166,15,402,minus,lightning-rod,static,headbutt,tackle,body-slam,double-edge,leer,bite,roar
142,4,42,lightning-rod,plus,nulo,mega-punch,thunder-punch,mega-kick,headbutt,body-slam,double-edge,growl
142,4,42,volt-absorb,minus,nulo,mega-punch,thunder-punch,mega-kick,headbutt,body-slam,double-edge,growl
151,7,177,prankster,swarm,illuminate,mega-punch,ice-punch,thunder-punch,mega-kick,tackle,body-slam,double-edge
151,6,177,prankster,tinted-lens,oblivious,mega-punch,ice-punch,thunder-punch,mega-kick,tackle,body-slam,double-edge
140,3,20,leaf-guard,poison-point,natural-cure,swords-dance,cut,body-slam,double-edge,poison-sting,pin-missile,absorb
60,4,103,gluttony,sticky-hold,liquid-ooze,pound,fire-punch,ice-punch,thunder-punch,headbutt,body-slam,double-edge
163,17,800,gluttony,sticky-hold,liquid-ooze,pound,fire-punch,ice-punch,thunder-punch,headbutt,body-slam,double-edge
61,8,208,speed-boost,rough-skin,nulo,take-down,thrash,double-edge,leer,bite,hydro-pump,surf
161,18,888,speed-boost,rough-skin,nulo,double-edge,leer,bite,roar,surf,ice-beam,blizzard
80,20,1300,pressure,oblivious,water-veil,headbutt,body-slam,thrash,double-edge,growl,roar,mist
175,145,3980,pressure,oblivious,water-veil,headbutt,body-slam,double-edge,growl,roar,mist,water-gun
61,7,240,own-tempo,simple,oblivious,stomp,headbutt,tackle,body-slam,take-down,double-edge,growl
161,19,2200,anger-point,solid-rock,magma-armor,headbutt,tackle,body-slam,take-down,double-edge,growl,roar
165,5,804,shell-armor,drought,white-smoke,headbutt,body-slam,double-edge,ember,flamethrower,hyper-beam,strength
66,7,306,gluttony,own-tempo,thick-fat,whirlwind,headbutt,body-slam,double-edge,psybeam,thunder-wave,toxic
165,9,715,gluttony,own-tempo,thick-fat,mega-punch,fire-punch,ice-punch,thunder-punch,mega-kick,headbutt,body-slam
126,11,50,contrary,tangled-feet,own-tempo,mega-punch,fire-punch,ice-punch,thunder-punch,mega-kick,headbutt,tackle
58,7,150,sheer-force,arena-trap,hyper-cutter,gust,sand-attack,headbutt,body-slam,double-edge,bite,hyper-beam
119,11,153,levitate,nulo,nulo,fly,sand-attack,headbutt,body-slam,double-edge,bite,supersonic
234,20,820,levitate,nulo,nulo,fire-punch,thunder-punch,fly,sand-attack,headbutt,body-slam,double-edge
67,4,513,water-absorb,sand-veil,nulo,mega-punch,thunder-punch,swords-dance,cut,sand-attack,headbutt,body-slam
166,13,774,water-absorb,sand-veil,nulo,mega-punch,thunder-punch,swords-dance,cut,mega-kick,sand-attack,headbutt
62,4,12,cloud-nine,natural-cure,nulo,fly,fury-attack,body-slam,take-down,double-edge,growl,sing
172,11,206,cloud-nine,natural-cure,nulo,fly,fury-attack,body-slam,take-down,double-edge,growl,roar
160,13,403,toxic-boost,immunity,nulo,mega-punch,fire-punch,ice-punch,thunder-punch,scratch,razor-wind,swords-dance
160,27,525,infiltrator,shed-skin,nulo,swords-dance,bind,headbutt,body-slam,wrap,double-edge,bite
161,10,1680,levitate,nulo,nulo,tackle,body-slam,double-edge,ice-beam,blizzard,hyper-beam,rock-throw
161,12,1540,levitate,nulo,nulo,tackle,body-slam,double-edge,flamethrower,hyper-beam,solar-beam,fire-spin
58,4,19,hydration,anticipation,oblivious,headbutt,take-down,thrash,double-edge,water-gun,hydro-pump,surf
164,9,236,hydration,anticipation,oblivious,headbutt,thrash,double-edge,water-gun,surf,ice-beam,blizzard
62,6,115,adaptability,shell-armor,hyper-cutter,vice-grip,guillotine,swords-dance,cut,body-slam,double-edge,leer
164,11,328,adaptability,shell-armor,hyper-cutter,vice-grip,guillotine,swords-dance,cut,body-slam,double-edge,leer
60,5,215,levitate,nulo,nulo,headbutt,double-edge,ice-beam,psybeam,solar-beam,earthquake,dig
175,15,1080,levitate,nulo,nulo,headbutt,double-edge,ice-beam,psybeam,hyper-beam,strength,solar-beam
71,10,238,storm-drain,suction-cups,nulo,swords-dance,bind,body-slam,double-edge,acid,mega-drain,solar-beam
173,15,604,storm-drain,suction-cups,nulo,swords-dance,bind,headbutt,body-slam,double-edge,acid,hyper-beam
71,7,125,swift-swim,battle-armor,nulo,scratch,swords-dance,cut,sand-attack,headbutt,body-slam,double-edge
173,15,682,swift-swim,battle-armor,nulo,scratch,swords-dance,cut,headbutt,body-slam,double-edge,water-gun
40,6,74,adaptability,oblivious,swift-swim,tackle,double-edge,mist,surf,ice-beam,blizzard,toxic
189,62,1620,cute-charm,competitive,marvel-scale,bind,body-slam,wrap,double-edge,water-gun,hydro-pump,surf
147,3,8,forecast,nulo,nulo,headbutt,tackle,body-slam,double-edge,disable,ember,flamethrower
154,10,220,protean,color-change,nulo,mega-punch,fire-punch,ice-punch,thunder-punch,scratch,cut,bind
59,6,23,cursed-body,frisk,insomnia,headbutt,body-slam,double-edge,disable,thunderbolt,thunder-wave,thunder
159,11,125,cursed-body,frisk,insomnia,headbutt,body-slam,double-edge,hyper-beam,thunderbolt,thunder-wave,thunder
59,8,150,frisk,levitate,nulo,headbutt,body-slam,double-edge,leer,disable,ice-beam,blizzard
159,16,306,frisk,pressure,nulo,mega-punch,fire-punch,ice-punch,thunder-punch,bind,mega-kick,headbutt
161,20,1000,harvest,solar-power,chlorophyll,razor-wind,swords-dance,cut,gust,whirlwind,fly,slam
159,6,10,levitate,nulo,nulo,bind,wrap,take-down,double-edge,growl,disable,thunder-wave
163,12,470,justified,super-luck,pressure,scratch,razor-wind,swords-dance,cut,headbutt,body-slam,double-edge
52,6,140,telepathy,shadow-tag,nulo,counter,splash,destiny-bond,charm,safeguard,encore,mirror-coat
60,7,168,moody,ice-body,inner-focus,headbutt,body-slam,double-edge,leer,bite,disable,ice-beam
168,15,2565,moody,ice-body,inner-focus,headbutt,body-slam,double-edge,leer,bite,ice-beam,blizzard
58,8,395,oblivious,ice-body,thick-fat,headbutt,body-slam,double-edge,growl,water-gun,surf,ice-beam
144,11,876,oblivious,ice-body,thick-fat,headbutt,body-slam,double-edge,growl,roar,water-gun,surf
239,14,1506,oblivious,ice-body,thick-fat,headbutt,body-slam,double-edge,growl,roar,water-gun,surf
69,4,525,rattled,shell-armor,nulo,body-slam,double-edge,supersonic,water-gun,surf,ice-beam,blizzard
170,17,270,water-veil,swift-swim,nulo,bind,body-slam,double-edge,bite,hydro-pump,surf,ice-beam
170,18,226,hydration,swift-swim,nulo,bind,body-slam,double-edge,hydro-pump,surf,ice-beam,blizzard
170,10,234,sturdy,rock-head,swift-swim,headbutt,tackle,body-slam,take-down,double-edge,water-gun,hydro-pump
116,6,87,hydration,swift-swim,nulo,tackle,take-down,double-edge,supersonic,water-gun,hydro-pump,surf
60,6,421,sheer-force,rock-head,nulo,cut,headbutt,body-slam,thrash,double-edge,leer,bite
147,11,1105,overcoat,rock-head,nulo,cut,headbutt,body-slam,double-edge,leer,bite,roar
270,15,1026,moxie,intimidate,nulo,cut,fly,headbutt,body-slam,double-edge,leer,bite
60,6,952,light-metal,clear-body,nulo,headbutt,take-down,iron-defense,zen-headbutt,iron-head,,
147,12,2025,light-metal,clear-body,nulo,ice-punch,thunder-punch,cut,headbutt,body-slam,take-down,double-edge
270,16,5500,light-metal,clear-body,nulo,ice-punch,thunder-punch,cut,headbutt,body-slam,take-down,double-edge
261,17,2300,sturdy,clear-body,nulo,mega-punch,fire-punch,ice-punch,thunder-punch,stomp,mega-kick,headbutt
261,18,1750,ice-body,clear-body,nulo,mega-punch,ice-punch,thunder-punch,stomp,mega-kick,headbutt,body-slam
261,19,2050,light-metal,clear-body,nulo,mega-punch,ice-punch,thunder-punch,stomp,mega-kick,headbutt,body-slam
270,14,400,levitate,nulo,nulo,cut,fly,body-slam,double-edge,roar,surf,ice-beam
270,20,600,levitate,nulo,nulo,cut,fly,body-slam,double-edge,roar,surf,ice-beam
302,45,3520,drizzle,nulo,nulo,headbutt,body-slam,double-edge,roar,hydro-pump,surf,ice-beam
302,35,9500,drought,nulo,nulo,mega-punch,fire-punch,thunder-punch,swords-dance,cut,mega-kick,headbutt
306,70,2065,air-lock,nulo,nulo,swords-dance,fly,bind,headbutt,body-slam,double-edge,roar
270,3,11,serene-grace,nulo,nulo,fire-punch,ice-punch,thunder-punch,headbutt,body-slam,double-edge,hyper-beam
270,17,608,pressure,nulo,nulo,fire-punch,ice-punch,thunder-punch,cut,bind,headbutt,body-slam
64,4,102,shell-armor,overgrow,nulo,swords-dance,cut,headbutt,tackle,body-slam,thrash,double-edge
142,11,970,shell-armor,overgrow,nulo,swords-dance,cut,headbutt,tackle,bite,strength,absorb
236,22,3100,shell-armor,overgrow,nulo,swords-dance,cut,headbutt,tackle,bite,roar,hyper-beam
62,5,62,iron-fist,blaze,nulo,fire-punch,thunder-punch,scratch,swords-dance,cut,double-kick,headbutt
142,9,220,iron-fist,blaze,nulo,fire-punch,thunder-punch,scratch,swords-dance,cut,headbutt,leer
240,12,550,iron-fist,blaze,nulo,fire-punch,thunder-punch,scratch,swords-dance,cut,headbutt,leer
63,4,52,defiant,torrent,nulo,pound,cut,headbutt,fury-attack,growl,supersonic,mist
142,8,230,defiant,torrent,nulo,cut,headbutt,fury-attack,tackle,growl,mist,hydro-pump
239,17,845,defiant,torrent,nulo,swords-dance,cut,headbutt,fury-attack,tackle,growl,roar
49,3,20,reckless,keen-eye,nulo,wing-attack,whirlwind,fly,sand-attack,fury-attack,tackle,take-down
119,6,155,reckless,intimidate,nulo,wing-attack,whirlwind,fly,tackle,take-down,growl,toxic
218,12,249,reckless,intimidate,nulo,wing-attack,whirlwind,fly,tackle,take-down,growl,hyper-beam
50,5,200,moody,unaware,simple,swords-dance,cut,headbutt,tackle,take-down,double-edge,growl
144,10,315,moody,unaware,simple,swords-dance,cut,headbutt,tackle,take-down,growl,water-gun
39,3,22,run-away,shed-skin,nulo,growl,string-shot,bide,snore,mud-slap,uproar,endeavor
134,10,255,technician,swarm,nulo,swords-dance,cut,growl,sing,hyper-beam,strength,absorb
53,5,95,guts,intimidate,rivalry,double-kick,headbutt,tackle,take-down,leer,bite,roar
127,9,305,guts,intimidate,rivalry,headbutt,tackle,leer,bite,roar,strength,thunderbolt
235,14,420,guts,intimidate,rivalry,headbutt,tackle,leer,bite,roar,hyper-beam,strength
56,2,12,leaf-guard,poison-point,natural-cure,swords-dance,cut,pin-missile,absorb,mega-drain,growth,razor-leaf
232,9,145,technician,poison-point,natural-cure,swords-dance,cut,poison-sting,hyper-beam,mega-drain,solar-beam,toxic
70,9,315,sheer-force,mold-breaker,nulo,fire-punch,thunder-punch,swords-dance,whirlwind,slam,stomp,headbutt
173,16,1025,sheer-force,mold-breaker,nulo,fire-punch,thunder-punch,swords-dance,cut,headbutt,take-down,leer
70,5,570,soundproof,sturdy,nulo,headbutt,tackle,body-slam,take-down,double-edge,roar,flamethrower
173,13,1495,soundproof,sturdy,nulo,headbutt,tackle,take-down,roar,flamethrower,ice-beam,blizzard
45,2,34,overcoat,shed-skin,nulo,tackle,string-shot,snore,protect,hidden-power,bug-bite,electroweb
148,5,65,overcoat,anticipation,nulo,tackle,psybeam,hyper-beam,growth,razor-leaf,solar-beam,string-shot
148,9,233,tinted-lens,swarm,nulo,gust,tackle,psybeam,hyper-beam,solar-beam,poison-powder,string-shot
49,3,55,hustle,honey-gather,nulo,gust,string-shot,swift,snore,mud-slap,sweet-scent,endeavor
166,12,385,unnerve,pressure,nulo,cut,gust,poison-sting,hyper-beam,string-shot,toxic,double-team
142,4,39,volt-absorb,pickup,run-away,thunder-punch,cut,headbutt,tail-whip,bite,growl,thunderbolt
66,7,295,water-veil,swift-swim,nulo,double-slap,ice-punch,razor-wind,headbutt,growl,sonic-boom,water-gun
173,11,335,water-veil,swift-swim,nulo,ice-punch,razor-wind,headbutt,growl,roar,sonic-boom,water-gun
55,4,33,chlorophyll,nulo,nulo,swords-dance,tackle,take-down,leech-seed,growth,razor-leaf,solar-beam
158,5,93,flower-gift,nulo,nulo,swords-dance,tackle,take-down,hyper-beam,leech-seed,growth,solar-beam
65,3,63,sand-force,storm-drain,sticky-hold,headbutt,body-slam,mist,surf,ice-beam,blizzard,counter
166,9,299,sand-force,storm-drain,sticky-hold,headbutt,body-slam,surf,ice-beam,blizzard,hyper-beam,strength
169,12,203,skill-link,pickup,technician,fire-punch,ice-punch,thunder-punch,scratch,cut,sand-attack,headbutt
70,4,12,flare-boost,unburden,aftermath,cut,gust,bind,body-slam,disable,thunderbolt,thunder-wave
174,12,150,flare-boost,unburden,aftermath,cut,gust,fly,bind,hyper-beam,thunderbolt,thunder-wave
70,4,55,limber,klutz,run-away,pound,fire-punch,ice-punch,thunder-punch,cut,jump-kick,headbutt
168,12,333,limber,klutz,cute-charm,pound,fire-punch,ice-punch,thunder-punch,cut,jump-kick,headbutt
173,9,44,levitate,klutz,nulo,headbutt,growl,hyper-beam,thunderbolt,thunder-wave,thunder,toxic
177,9,273,moxie,super-luck,insomnia,wing-attack,fly,hyper-beam,thunder-wave,toxic,psychic,double-team
62,5,39,keen-eye,own-tempo,limber,scratch,cut,sand-attack,headbutt,tail-whip,bite,growl
158,10,438,defiant,own-tempo,thick-fat,scratch,cut,headbutt,body-slam,growl,roar,hyper-beam
57,2,6,levitate,nulo,nulo,bind,wrap,growl,disable,thunder-wave,toxic,confusion
66,4,192,keen-eye,aftermath,stench,scratch,cut,headbutt,double-edge,leer,bite,roar
168,10,380,keen-eye,aftermath,stench,scratch,cut,headbutt,bite,roar,flamethrower,hyper-beam
60,5,605,heavy-metal,heatproof,levitate,tackle,solar-beam,earthquake,toxic,confusion,psychic,hypnosis
175,13,1870,heavy-metal,heatproof,levitate,tackle,hyper-beam,strength,solar-beam,earthquake,toxic,confusion
58,5,150,rattled,rock-head,sturdy,slam,headbutt,double-edge,low-kick,counter,rock-throw,dig
62,6,130,technician,filter,soundproof,double-slap,headbutt,psybeam,solar-beam,thunderbolt,thunder-wave,thunder
110,6,244,friend-guard,serene-grace,natural-cure,pound,headbutt,flamethrower,counter,solar-beam,thunder-wave,toxic
144,5,19,big-pecks,tangled-feet,keen-eye,fly,fury-attack,growl,sing,supersonic,peck,toxic
170,10,1080,infiltrator,pressure,nulo,hyper-beam,toxic,psychic,hypnosis,double-team,smokescreen,confuse-ray
60,7,205,rough-skin,sand-veil,nulo,cut,sand-attack,headbutt,tackle,body-slam,take-down,thrash
144,14,560,rough-skin,sand-veil,nulo,cut,sand-attack,headbutt,tackle,take-down,roar,flamethrower
270,19,950,rough-skin,sand-veil,nulo,swords-dance,cut,sand-attack,headbutt,tackle,take-down,roar
78,6,1050,gluttony,thick-fat,pickup,fire-punch,ice-punch,thunder-punch,whirlwind,headbutt,tackle,body-slam
57,7,202,prankster,inner-focus,steadfast,ice-punch,thunder-punch,swords-dance,headbutt,bite,roar,low-kick
184,12,540,justified,inner-focus,steadfast,ice-punch,thunder-punch,swords-dance,headbutt,roar,hyper-beam,low-kick
66,8,495,sand-force,sand-stream,steadfast,whirlwind,sand-attack,headbutt,tackle,body-slam,take-down,double-edge
184,20,3000,sand-force,sand-stream,steadfast,sand-attack,headbutt,tackle,take-down,double-edge,bite,roar
66,8,120,keen-eye,sniper,battle-armor,swords-dance,cut,whirlwind,sand-attack,headbutt,poison-sting,twineedle
175,13,615,keen-eye,sniper,battle-armor,swords-dance,cut,headbutt,poison-sting,pin-missile,leer,bite
60,7,230,poison-touch,dry-skin,anticipation,ice-punch,thunder-punch,headbutt,poison-sting,low-kick,counter,strength
172,13,444,poison-touch,dry-skin,anticipation,ice-punch,thunder-punch,swords-dance,cut,headbutt,poison-sting,hyper-beam
159,14,270,levitate,dry-skin,anticipation,swords-dance,cut,bind,slam,vine-whip,bite,hyper-beam
66,4,70,water-veil,storm-drain,swift-swim,pound,gust,water-gun,surf,ice-beam,blizzard,psybeam
161,12,240,water-veil,storm-drain,swift-swim,pound,gust,water-gun,surf,ice-beam,blizzard,hyper-beam
69,10,650,water-veil,water-absorb,swift-swim,wing-attack,slam,headbutt,tackle,take-down,supersonic,hydro-pump
67,10,505,soundproof,snow-warning,nulo,ice-punch,swords-dance,stomp,headbutt,double-edge,leer,mist
173,22,1355,soundproof,snow-warning,nulo,ice-punch,swords-dance,headbutt,leer,mist,ice-beam,blizzard
179,11,340,pickpocket,pressure,nulo,ice-punch,scratch,swords-dance,cut,headbutt,leer,surf
241,12,1800,analytic,sturdy,magnet-pull,tackle,supersonic,sonic-boom,hyper-beam,thunder-shock,thunderbolt,thunder-wave
180,17,1400,cloud-nine,oblivious,own-tempo,fire-punch,ice-punch,thunder-punch,swords-dance,cut,bind,slam
241,24,2828,reckless,solid-rock,lightning-rod,fire-punch,ice-punch,thunder-punch,swords-dance,cut,stomp,headbutt
187,20,1286,regenerator,leaf-guard,chlorophyll,swords-dance,cut,bind,slam,vine-whip,headbutt,hyper-beam
243,18,1386,vital-spirit,motor-drive,nulo,fire-punch,ice-punch,thunder-punch,headbutt,leer,flamethrower,hyper-beam
243,16,680,vital-spirit,flame-body,nulo,fire-punch,thunder-punch,headbutt,leer,ember,flamethrower,hyper-beam
245,15,380,super-luck,serene-grace,hustle,fly,headbutt,flamethrower,hyper-beam,solar-beam,thunder-wave,toxic
180,19,515,frisk,tinted-lens,speed-boost,headbutt,tackle,supersonic,sonic-boom,hyper-beam,solar-beam,string-shot
184,10,255,chlorophyll,leaf-guard,speed-boost,swords-dance,sand-attack,headbutt,tackle,tail-whip,roar,hyper-beam
184,8,259,ice-body,snow-cloak,speed-boost,sand-attack,headbutt,tackle,tail-whip,bite,roar,ice-beam
179,20,425,poison-heal,sand-veil,hyper-cutter,guillotine,swords-dance,cut,sand-attack,headbutt,hyper-beam,strength
239,25,2910,thick-fat,snow-cloak,oblivious,headbutt,fury-attack,take-down,thrash,roar,mist,ice-beam
241,9,340,analytic,download,adaptability,tackle,ice-beam,blizzard,psybeam,hyper-beam,solar-beam,thunderbolt
233,16,520,justified,steadfast,nulo,fire-punch,ice-punch,thunder-punch,swords-dance,cut,headbutt,leer
184,14,3400,sand-force,magnet-pull,sturdy,fire-punch,ice-punch,thunder-punch,headbutt,tackle,hyper-beam,strength
236,22,1066,frisk,pressure,nulo,fire-punch,ice-punch,thunder-punch,bind,headbutt,leer,disable
168,13,266,cursed-body,snow-cloak,nulo,ice-punch,headbutt,leer,ice-beam,blizzard,hyper-beam,thunderbolt
154,3,3,levitate,nulo,nulo,thunder-shock,thunderbolt,thunder-wave,thunder,toxic,double-team,confuse-ray
261,3,3,levitate,nulo,nulo,fire-punch,ice-punch,thunder-punch,headbutt,hyper-beam,solar-beam,thunderbolt
261,3,3,levitate,nulo,nulo,fire-punch,ice-punch,thunder-punch,headbutt,ice-beam,blizzard,hyper-beam
261,3,3,levitate,nulo,nulo,fire-punch,ice-punch,thunder-punch,headbutt,flamethrower,hyper-beam,thunderbolt
306,54,6830,telepathy,pressure,nulo,cut,headbutt,roar,flamethrower,ice-beam,blizzard,hyper-beam
306,42,3360,telepathy,pressure,nulo,cut,headbutt,roar,flamethrower,hydro-pump,surf,ice-beam
270,17,4300,flame-body,flash-fire,nulo,headbutt,leer,roar,flamethrower,hyper-beam,strength,solar-beam
302,37,4200,slow-start,nulo,nulo,mega-punch,fire-punch,ice-punch,thunder-punch,stomp,headbutt,hyper-beam
306,45,7500,telepathy,pressure,nulo,cut,fly,headbutt,roar,hyper-beam,strength,thunderbolt
270,15,856,levitate,nulo,nulo,mist,ice-beam,aurora-beam,hyper-beam,solar-beam,thunder-wave,toxic
216,4,31,hydration,nulo,nulo,supersonic,surf,ice-beam,blizzard,bubble-beam,toxic,double-team
270,3,14,hydration,nulo,nulo,supersonic,surf,ice-beam,blizzard,bubble-beam,hyper-beam,toxic
270,15,505,bad-dreams,nulo,nulo,swords-dance,cut,headbutt,disable,ice-beam,blizzard,hyper-beam
270,2,21,natural-cure,nulo,nulo,swords-dance,headbutt,hyper-beam,leech-seed,growth,solar-beam,toxic
324,32,3200,multitype,nulo,nulo,swords-dance,cut,fly,headbutt,roar,flamethrower,surf
270,4,40,victory-star,nulo,nulo,fire-punch,thunder-punch,headbutt,double-edge,flamethrower,hyper-beam,solar-beam
62,6,81,contrary,overgrow,nulo,swords-dance,cut,bind,slam,vine-whip,tackle,wrap
145,8,160,contrary,overgrow,nulo,swords-dance,cut,bind,slam,vine-whip,tackle,wrap
238,33,630,contrary,overgrow,nulo,swords-dance,cut,bind,slam,vine-whip,tackle,wrap
62,5,99,thick-fat,blaze,nulo,tackle,body-slam,take-down,thrash,tail-whip,roar,ember
146,10,555,thick-fat,blaze,nulo,fire-punch,thunder-punch,tackle,take-down,tail-whip,roar,ember
238,16,1500,reckless,blaze,nulo,fire-punch,thunder-punch,tackle,take-down,tail-whip,roar,ember
62,5,59,shell-armor,torrent,nulo,swords-dance,cut,tackle,tail-whip,water-gun,hydro-pump,surf
145,8,245,shell-armor,torrent,nulo,swords-dance,cut,tackle,tail-whip,water-gun,hydro-pump,surf
238,15,946,shell-armor,torrent,nulo,swords-dance,cut,tackle,tail-whip,water-gun,hydro-pump,surf
51,5,116,analytic,keen-eye,run-away,swords-dance,cut,slam,sand-attack,tackle,leer,bite
147,11,270,analytic,keen-eye,illuminate,fire-punch,ice-punch,thunder-punch,swords-dance,cut,slam,sand-attack
55,4,41,run-away,pickup,vital-spirit,sand-attack,tackle,take-down,leer,bite,roar,thunderbolt
130,9,147,scrappy,sand-rush,intimidate,tackle,take-down,leer,bite,roar,surf,strength
225,12,610,scrappy,sand-rush,intimidate,tackle,take-down,leer,bite,roar,surf,hyper-beam
56,4,101,prankster,unburden,limber,pay-day,scratch,cut,sand-attack,growl,thunder-wave,toxic
156,11,375,prankster,unburden,limber,scratch,cut,sand-attack,growl,hyper-beam,thunder-wave,toxic
63,6,105,overgrow,gluttony,nulo,scratch,cut,vine-whip,leer,bite,low-kick,leech-seed
174,11,305,overgrow,gluttony,nulo,cut,leer,hyper-beam,low-kick,solar-beam,dig,toxic
63,6,110,blaze,gluttony,nulo,fire-punch,scratch,cut,leer,bite,flamethrower,low-kick
174,10,280,blaze,gluttony,nulo,fire-punch,cut,leer,flamethrower,hyper-beam,low-kick,solar-beam
63,6,135,torrent,gluttony,nulo,ice-punch,scratch,cut,leer,bite,water-gun,hydro-pump
174,10,290,torrent,gluttony,nulo,ice-punch,cut,leer,surf,ice-beam,blizzard,hyper-beam
58,6,233,telepathy,synchronize,forewarn,sonic-boom,psybeam,thunder-wave,toxic,psychic,hypnosis,double-team
170,11,605,telepathy,synchronize,forewarn,psybeam,hyper-beam,thunder-wave,toxic,psychic,hypnosis,double-team
53,3,21,rivalry,super-luck,big-pecks,razor-wind,gust,fly,leer,growl,toxic,hypnosis
125,6,150,rivalry,super-luck,big-pecks,razor-wind,gust,fly,leer,growl,toxic,quick-attack
220,12,290,rivalry,super-luck,big-pecks,razor-wind,gust,fly,leer,growl,hyper-beam,toxic
59,8,298,sap-sipper,motor-drive,lightning-rod,stomp,double-kick,sand-attack,take-down,thrash,double-edge,tail-whip
174,16,795,sap-sipper,motor-drive,lightning-rod,stomp,thrash,tail-whip,hyper-beam,thunderbolt,thunder-wave,thunder
56,4,180,sand-force,weak-armor,sturdy,sand-attack,headbutt,tackle,take-down,strength,earthquake,toxic
137,9,1020,sand-force,weak-armor,sturdy,sand-attack,headbutt,tackle,strength,earthquake,toxic,double-team
232,17,2600,sand-force,sand-stream,sturdy,sand-attack,headbutt,tackle,hyper-beam,strength,solar-beam,earthquake
65,4,21,simple,klutz,unaware,gust,fly,supersonic,thunder-wave,toxic,confusion,psychic
149,9,105,simple,klutz,unaware,gust,fly,hyper-beam,thunder-wave,toxic,confusion,psychic
66,3,85,mold-breaker,sand-force,sand-rush,scratch,swords-dance,cut,submission,strength,earthquake,fissure
178,7,404,mold-breaker,sand-force,sand-rush,scratch,swords-dance,cut,horn-drill,hyper-beam,strength,earthquake
390,11,310,klutz,regenerator,healer,pound,double-slap,fire-punch,ice-punch,thunder-punch,take-down,double-edge
61,6,125,iron-fist,sheer-force,guts,pound,comet-punch,fire-punch,ice-punch,thunder-punch,leer,low-kick
142,12,400,iron-fist,sheer-force,guts,pound,fire-punch,ice-punch,thunder-punch,leer,low-kick,strength
227,14,870,iron-fist,sheer-force,guts,pound,fire-punch,ice-punch,thunder-punch,leer,hyper-beam,low-kick
59,5,45,water-absorb,hydration,swift-swim,growl,supersonic,mist,hydro-pump,surf,bubble-beam,toxic
134,8,170,water-absorb,hydration,swift-swim,growl,supersonic,hydro-pump,surf,bubble-beam,toxic,double-team
229,15,620,water-absorb,poison-touch,swift-swim,ice-punch,growl,supersonic,acid,hydro-pump,surf,bubble-beam
163,13,555,mold-breaker,inner-focus,guts,fire-punch,ice-punch,thunder-punch,bind,body-slam,leer,low-kick
163,14,510,mold-breaker,inner-focus,sturdy,karate-chop,fire-punch,ice-punch,thunder-punch,double-kick,leer,low-kick
62,3,25,overcoat,chlorophyll,swarm,razor-wind,cut,tackle,razor-leaf,solar-beam,string-shot,toxic
133,5,73,overcoat,chlorophyll,leaf-guard,cut,tackle,razor-leaf,solar-beam,string-shot,toxic,double-team
225,12,205,overcoat,chlorophyll,swarm,swords-dance,cut,tackle,hyper-beam,razor-leaf,solar-beam,string-shot
52,4,53,speed-boost,swarm,poison-point,take-down,double-edge,poison-sting,twineedle,pin-missile,solar-beam,toxic
126,12,585,speed-boost,swarm,poison-point,double-edge,poison-sting,solar-beam,toxic,agility,screech,double-team
218,25,2005,speed-boost,swarm,poison-point,swords-dance,cut,double-edge,poison-sting,hyper-beam,strength,solar-beam
56,3,6,chlorophyll,infiltrator,prankster,absorb,mega-drain,leech-seed,growth,razor-leaf,solar-beam,poison-powder
168,7,66,chlorophyll,infiltrator,prankster,gust,hyper-beam,mega-drain,leech-seed,growth,solar-beam,toxic
56,5,66,leaf-guard,own-tempo,chlorophyll,cut,absorb,mega-drain,leech-seed,growth,solar-beam,stun-spore
168,11,163,leaf-guard,own-tempo,chlorophyll,swords-dance,cut,hyper-beam,mega-drain,leech-seed,growth,solar-beam
161,10,180,mold-breaker,adaptability,reckless,cut,headbutt,tackle,take-down,thrash,double-edge,tail-whip
58,7,152,anger-point,moxie,intimidate,cut,sand-attack,thrash,double-edge,leer,bite,roar
123,10,334,anger-point,moxie,intimidate,cut,sand-attack,thrash,leer,bite,roar,low-kick
234,15,963,anger-point,moxie,intimidate,cut,sand-attack,leer,bite,roar,hyper-beam,low-kick
63,6,375,inner-focus,hustle,intimidate,fire-punch,headbutt,tackle,take-down,thrash,roar,flamethrower
168,13,929,zen-mode,sheer-force,intimidate,fire-punch,headbutt,tackle,thrash,roar,flamethrower,hyper-beam
161,10,280,storm-drain,chlorophyll,water-absorb,pin-missile,peck,absorb,mega-drain,leech-seed,growth,solar-beam
65,3,145,weak-armor,shell-armor,sturdy,swords-dance,cut,sand-attack,counter,strength,solar-beam,earthquake
170,14,2000,weak-armor,shell-armor,sturdy,swords-dance,cut,sand-attack,hyper-beam,strength,solar-beam,earthquake
70,6,118,intimidate,moxie,shed-skin,fire-punch,ice-punch,thunder-punch,sand-attack,headbutt,leer,roar
171,11,300,intimidate,moxie,shed-skin,fire-punch,ice-punch,thunder-punch,sand-attack,headbutt,leer,roar
172,14,140,tinted-lens,magic-guard,wonder-skin,gust,whirlwind,fly,ice-beam,psybeam,hyper-beam,solar-beam
61,5,15,mummy,magic-guard,wonder-skin,disable,toxic,psychic,night-shade,double-team,haze,dream-eater
169,17,765,mummy,magic-guard,wonder-skin,disable,hyper-beam,toxic,psychic,night-shade,double-team,haze
71,7,165,swift-swim,sturdy,solid-rock,slam,body-slam,bite,water-gun,hydro-pump,surf,ice-beam
173,12,810,swift-swim,sturdy,solid-rock,bite,water-gun,hydro-pump,surf,ice-beam,blizzard,hyper-beam
71,5,95,defeatist,sturdy,solid-rock,cut,wing-attack,thrash,leer,bite,roar,rock-throw
177,14,320,defeatist,sturdy,solid-rock,cut,wing-attack,fly,thrash,leer,roar,hyper-beam
66,6,310,aftermath,sticky-hold,stench,pound,double-slap,sand-attack,take-down,toxic,double-team,haze
166,19,1073,aftermath,weak-armor,stench,pound,double-slap,body-slam,hyper-beam,solar-beam,thunderbolt,toxic
66,7,125,illusion,weak-armor,stench,scratch,swords-dance,cut,leer,roar,counter,dig
179,16,811,illusion,weak-armor,stench,scratch,swords-dance,cut,leer,roar,flamethrower,hyper-beam
60,4,58,skill-link,technician,cute-charm,pound,double-slap,slam,tail-whip,growl,sing,thunderbolt
165,5,75,skill-link,technician,cute-charm,sing,hyper-beam,thunderbolt,thunder-wave,thunder,dig,toxic
58,4,58,shadow-tag,competitive,frisk,pound,double-slap,psybeam,thunderbolt,thunder-wave,toxic,confusion
137,7,180,shadow-tag,competitive,frisk,pound,double-slap,psybeam,thunderbolt,thunder-wave,toxic,confusion
221,15,440,shadow-tag,competitive,frisk,pound,double-slap,psybeam,hyper-beam,thunderbolt,thunder-wave,toxic
58,3,10,regenerator,magic-guard,overcoat,thunder-wave,thunder,toxic,psychic,night-shade,double-team,recover
130,6,80,regenerator,magic-guard,overcoat,thunder-wave,thunder,toxic,psychic,double-team,recover,light-screen
221,10,201,regenerator,magic-guard,overcoat,fire-punch,ice-punch,thunder-punch,hyper-beam,strength,thunder-wave,thunder
61,5,55,hydration,big-pecks,keen-eye,gust,wing-attack,fly,water-gun,surf,ice-beam,bubble-beam
166,13,242,hydration,big-pecks,keen-eye,wing-attack,fly,water-gun,surf,ice-beam,bubble-beam,hyper-beam
61,4,57,weak-armor,snow-cloak,ice-body,mist,ice-beam,blizzard,toxic,double-team,harden,light-screen
138,11,410,weak-armor,snow-cloak,ice-body,mist,ice-beam,blizzard,toxic,double-team,harden,light-screen
241,13,575,weak-armor,snow-warning,ice-body,mist,ice-beam,blizzard,hyper-beam,toxic,double-team,harden
67,6,195,serene-grace,sap-sipper,chlorophyll,double-kick,jump-kick,sand-attack,tackle,take-down,double-edge,growl
166,19,925,serene-grace,sap-sipper,chlorophyll,swords-dance,cut,double-kick,jump-kick,sand-attack,tackle,take-down
150,4,50,motor-drive,static,nulo,cut,tail-whip,thunder-shock,thunderbolt,thunder-wave,thunder,toxic
63,5,59,no-guard,shed-skin,swarm,swords-dance,cut,headbutt,horn-attack,fury-attack,take-down,double-edge
173,10,330,overcoat,shell-armor,swarm,swords-dance,cut,headbutt,fury-attack,double-edge,twineedle,leer
59,2,10,regenerator,effect-spore,swarm,body-slam,absorb,mega-drain,growth,solar-beam,poison-powder,stun-spore
162,6,105,regenerator,effect-spore,swarm,hyper-beam,absorb,mega-drain,growth,solar-beam,toxic,double-team
67,12,330,damp,cursed-body,water-absorb,bind,mist,hydro-pump,surf,ice-beam,blizzard,bubble-beam
168,22,1350,damp,cursed-body,water-absorb,bind,hydro-pump,surf,ice-beam,blizzard,bubble-beam,hyper-beam
165,12,316,regenerator,hydration,healer,pound,double-slap,mist,hydro-pump,surf,ice-beam,blizzard
64,1,6,swarm,unnerve,compound-eyes,cut,poison-sting,pin-missile,disable,absorb,string-shot,thunderbolt
165,8,143,swarm,unnerve,compound-eyes,cut,hyper-beam,absorb,string-shot,thunderbolt,thunder-wave,thunder
61,6,188,iron-barbs,unnerve,compound-eyes,tackle,pin-missile,leech-seed,solar-beam,thunderbolt,thunder-wave,toxic
171,10,1100,anticipation,iron-barbs,compound-eyes,swords-dance,cut,tackle,pin-missile,hyper-beam,strength,solar-beam
60,3,210,clear-body,minus,plus,vice-grip,bind,hyper-beam,thunder-shock,thunderbolt,thunder-wave,toxic
154,6,510,clear-body,minus,plus,vice-grip,bind,hyper-beam,thunder-shock,thunderbolt,thunder-wave,toxic
234,6,810,clear-body,minus,plus,vice-grip,bind,hyper-beam,thunder-shock,thunderbolt,thunder-wave,thunder
55,2,3,levitate,nulo,plus,tackle,thunder-wave,spark,magnet-rise,charge-beam,,
142,12,220,levitate,nulo,plus,bind,headbutt,thrash,acid,thunderbolt,thunder-wave,thunder
232,21,805,levitate,nulo,plus,fire-punch,thunder-punch,cut,bind,headbutt,thrash,roar
67,5,90,analytic,synchronize,telepathy,headbutt,growl,disable,psybeam,thunderbolt,thunder-wave,toxic
170,10,345,analytic,synchronize,telepathy,headbutt,growl,psybeam,hyper-beam,thunderbolt,thunder-wave,toxic
55,3,31,infiltrator,flame-body,flash-fire,acid,ember,flamethrower,solar-beam,fire-spin,toxic,psychic
130,6,130,infiltrator,flame-body,flash-fire,ember,flamethrower,solar-beam,fire-spin,toxic,psychic,night-shade
234,10,343,infiltrator,flame-body,flash-fire,flamethrower,hyper-beam,solar-beam,toxic,psychic,double-team,confuse-ray
64,6,180,unnerve,mold-breaker,rivalry,scratch,guillotine,razor-wind,swords-dance,cut,leer,roar
144,10,360,unnerve,mold-breaker,rivalry,scratch,guillotine,swords-dance,cut,leer,roar,low-kick
243,18,1055,unnerve,mold-breaker,rivalry,scratch,guillotine,swords-dance,cut,leer,roar,surf
61,5,85,rattled,slush-rush,snow-cloak,ice-punch,cut,thrash,growl,surf,ice-beam,blizzard
177,26,2600,swift-swim,slush-rush,snow-cloak,ice-punch,swords-dance,cut,thrash,growl,roar,surf
180,11,1480,levitate,nulo,snow-cloak,bind,mist,ice-beam,blizzard,aurora-beam,hyper-beam,solar-beam
61,4,77,overcoat,shell-armor,hydration,body-slam,double-edge,acid,absorb,mega-drain,toxic,double-team
173,8,253,unburden,sticky-hold,hydration,hyper-beam,absorb,mega-drain,toxic,agility,quick-attack,double-team
165,7,110,sand-veil,limber,static,tackle,water-gun,surf,thunder-shock,thunderbolt,thunder-wave,thunder
70,9,200,reckless,regenerator,inner-focus,pound,double-slap,swords-dance,jump-kick,low-kick,strength,dig
179,14,355,reckless,regenerator,inner-focus,pound,double-slap,swords-dance,jump-kick,hyper-beam,low-kick,strength
170,16,1390,mold-breaker,sheer-force,rough-skin,fire-punch,thunder-punch,scratch,cut,leer,bite,roar
61,10,920,no-guard,klutz,iron-fist,pound,mega-punch,fire-punch,ice-punch,thunder-punch,ice-beam,low-kick
169,28,3300,no-guard,klutz,iron-fist,pound,mega-punch,fire-punch,ice-punch,thunder-punch,fly,ice-beam
68,5,102,pressure,inner-focus,defiant,scratch,guillotine,swords-dance,cut,headbutt,leer,low-kick
172,16,700,pressure,inner-focus,defiant,scratch,guillotine,swords-dance,cut,leer,hyper-beam,low-kick
172,16,946,soundproof,sap-sipper,reckless,swords-dance,cut,stomp,headbutt,horn-attack,fury-attack,thrash
70,5,105,hustle,sheer-force,keen-eye,cut,wing-attack,whirlwind,fly,fury-attack,thrash,leer
179,15,410,defiant,sheer-force,keen-eye,cut,wing-attack,whirlwind,fly,fury-attack,thrash,leer
74,5,90,weak-armor,overcoat,big-pecks,cut,gust,whirlwind,fly,fury-attack,leer,toxic
179,12,395,weak-armor,overcoat,big-pecks,cut,gust,whirlwind,fly,fury-attack,leer,hyper-beam
169,14,580,white-smoke,flash-fire,gluttony,fire-punch,thunder-punch,cut,bind,tackle,body-slam,wrap
169,3,330,truant,hustle,swarm,vice-grip,guillotine,cut,sand-attack,bite,strength,thunder-wave
60,8,173,hustle,nulo,nulo,slam,headbutt,tackle,body-slam,bite,roar,strength
147,14,500,hustle,nulo,nulo,slam,headbutt,body-slam,bite,roar,strength,dragon-rage
270,18,1600,levitate,nulo,nulo,fly,slam,headbutt,body-slam,bite,roar,flamethrower
72,11,288,swarm,flame-body,nulo,take-down,thrash,double-edge,ember,flamethrower,absorb,solar-beam
248,16,460,swarm,flame-body,nulo,gust,whirlwind,fly,thrash,ember,flamethrower,hyper-beam
261,21,2500,justified,nulo,nulo,swords-dance,cut,double-kick,take-down,leer,roar,hyper-beam
261,19,2600,justified,nulo,nulo,swords-dance,cut,double-kick,take-down,leer,roar,hyper-beam
261,20,2000,justified,nulo,nulo,swords-dance,cut,double-kick,take-down,leer,roar,hyper-beam
261,15,630,defiant,prankster,nulo,gust,fly,thrash,bite,hyper-beam,strength,toxic
261,15,610,defiant,prankster,nulo,thunder-punch,fly,thrash,bite,hyper-beam,strength,thunder-shock
306,32,3300,turboblaze,prankster,nulo,cut,fly,flamethrower,hyper-beam,strength,solar-beam,dragon-rage
306,29,3450,teravolt,prankster,nulo,thunder-punch,cut,fly,hyper-beam,strength,dragon-rage,thunderbolt
270,15,680,sheer-force,sand-force,nulo,swords-dance,fly,hyper-beam,strength,rock-throw,earthquake,fissure
297,30,3250,pressure,nulo,nulo,cut,fly,ice-beam,blizzard,hyper-beam,strength,dragon-rage
261,14,485,justified,nulo,nulo,swords-dance,cut,double-kick,take-down,leer,roar,hydro-pump
270,6,65,serene-grace,nulo,nulo,fire-punch,ice-punch,thunder-punch,sing,psybeam,hyper-beam,low-kick
270,15,825,download,nulo,nulo,fly,flamethrower,ice-beam,blizzard,hyper-beam,solar-beam,thunderbolt
63,4,90,bulletproof,overgrow,nulo,thunder-punch,swords-dance,cut,vine-whip,tackle,body-slam,take-down
142,7,290,bulletproof,overgrow,nulo,thunder-punch,swords-dance,cut,vine-whip,tackle,body-slam,take-down
239,16,900,bulletproof,overgrow,nulo,thunder-punch,swords-dance,cut,vine-whip,tackle,body-slam,take-down
61,4,94,magician,blaze,nulo,scratch,cut,tail-whip,ember,flamethrower,psybeam,solar-beam
143,10,145,magician,blaze,nulo,fire-punch,thunder-punch,scratch,cut,tail-whip,ember,flamethrower
240,15,390,magician,blaze,nulo,fire-punch,thunder-punch,scratch,cut,tail-whip,ember,flamethrower
63,3,70,protean,torrent,nulo,pound,cut,growl,hydro-pump,surf,ice-beam,blizzard
142,6,109,protean,torrent,nulo,pound,ice-punch,cut,growl,hydro-pump,surf,ice-beam
239,15,400,protean,torrent,nulo,pound,ice-punch,cut,growl,hydro-pump,surf,ice-beam
47,4,50,huge-power,cheek-pouch,pickup,double-slap,cut,double-kick,tackle,take-down,leer,surf
148,10,424,huge-power,cheek-pouch,pickup,double-slap,fire-punch,ice-punch,thunder-punch,swords-dance,cut,double-kick
56,3,17,gale-wings,big-pecks,pickup,razor-wind,swords-dance,fly,tackle,growl,peck,toxic
134,7,160,gale-wings,flame-body,pickup,razor-wind,swords-dance,fly,tackle,growl,ember,flamethrower
175,12,245,gale-wings,flame-body,pickup,razor-wind,swords-dance,fly,tackle,growl,ember,flamethrower
40,3,25,friend-guard,compound-eyes,shield-dust,tackle,poison-powder,stun-spore,string-shot,bug-bite,rage-powder,flamethrower
75,3,84,friend-guard,shed-skin,shield-dust,harden,protect,iron-defense,bug-bite,electroweb,rage-powder,flamethrower
185,12,170,friend-guard,compound-eyes,shield-dust,gust,supersonic,psybeam,hyper-beam,solar-beam,poison-powder,stun-spore
74,6,135,moxie,unnerve,rivalry,headbutt,tackle,take-down,leer,roar,ember,flamethrower
177,15,815,moxie,unnerve,rivalry,headbutt,tackle,take-down,leer,roar,ember,flamethrower
61,1,1,symbiosis,flower-veil,nulo,vine-whip,tackle,razor-leaf,solar-beam,petal-dance,toxic,psychic
130,2,9,symbiosis,flower-veil,nulo,vine-whip,tackle,razor-leaf,solar-beam,petal-dance,toxic,psychic
248,11,100,symbiosis,flower-veil,nulo,hyper-beam,solar-beam,petal-dance,toxic,psychic,double-team,light-screen
70,9,310,grass-pelt,sap-sipper,nulo,vine-whip,tackle,take-down,double-edge,tail-whip,roar,surf
186,17,910,grass-pelt,sap-sipper,nulo,vine-whip,tackle,take-down,double-edge,tail-whip,roar,surf
70,6,80,scrappy,mold-breaker,iron-fist,karate-chop,comet-punch,fire-punch,ice-punch,thunder-punch,swords-dance,cut
173,21,1360,scrappy,mold-breaker,iron-fist,karate-chop,comet-punch,fire-punch,ice-punch,thunder-punch,swords-dance,cut
165,12,280,fur-coat,nulo,iron-fist,sand-attack,headbutt,tackle,take-down,tail-whip,bite,growl
71,3,35,own-tempo,infiltrator,keen-eye,scratch,cut,leer,psybeam,thunderbolt,thunder-wave,toxic
163,6,85,prankster,infiltrator,keen-eye,scratch,cut,leer,psybeam,hyper-beam,thunderbolt,thunder-wave
65,8,20,no-guard,nulo,nulo,swords-dance,cut,tackle,toxic,double-team,reflect,rest
157,8,45,no-guard,nulo,nulo,swords-dance,cut,tackle,toxic,double-team,reflect,rest
234,17,530,stance-change,nulo,nulo,swords-dance,cut,hyper-beam,toxic,double-team,reflect,rest
68,2,5,aroma-veil,healer,nulo,disable,thunderbolt,toxic,psychic,double-team,light-screen,reflect
162,8,155,aroma-veil,healer,nulo,hyper-beam,thunderbolt,thunder,toxic,psychic,double-team,light-screen
68,4,35,unburden,sweet-veil,nulo,tackle,flamethrower,surf,thunderbolt,toxic,psychic,double-team
168,8,50,unburden,sweet-veil,nulo,tackle,flamethrower,surf,hyper-beam,thunderbolt,toxic,psychic
58,4,35,infiltrator,suction-cups,contrary,cut,bind,tackle,flamethrower,psybeam,peck,thunderbolt
169,15,470,infiltrator,suction-cups,contrary,cut,bind,tackle,flamethrower,psybeam,hyper-beam,peck
61,5,310,pickpocket,sniper,tough-claws,scratch,swords-dance,cut,sand-attack,water-gun,surf,ice-beam
175,13,960,pickpocket,sniper,tough-claws,scratch,swords-dance,cut,sand-attack,water-gun,surf,ice-beam
64,5,73,adaptability,poison-touch,poison-point,tackle,tail-whip,acid,water-gun,hydro-pump,surf,thunderbolt
173,18,815,adaptability,poison-touch,poison-point,tackle,tail-whip,acid,water-gun,hydro-pump,surf,hyper-beam
66,5,83,mega-launcher,,nulo,vice-grip,swords-dance,cut,water-gun,surf,ice-beam,bubble-beam
100,13,353,mega-launcher,,nulo,vice-grip,swords-dance,cut,water-gun,surf,ice-beam,bubble-beam
58,5,60,solar-power,sand-veil,dry-skin,pound,razor-wind,cut,tail-whip,surf,thunder-shock,thunderbolt
168,10,210,solar-power,sand-veil,dry-skin,fire-punch,thunder-punch,razor-wind,cut,surf,hyper-beam,low-kick
72,8,260,sturdy,strong-jaw,nulo,stomp,horn-drill,tackle,thrash,tail-whip,bite,roar
182,25,2700,rock-head,strong-jaw,nulo,stomp,horn-drill,tackle,thrash,tail-whip,bite,roar
72,13,252,snow-warning,refrigerate,nulo,take-down,growl,roar,mist,ice-beam,blizzard,aurora-beam
104,27,2250,snow-warning,refrigerate,nulo,take-down,growl,roar,mist,ice-beam,blizzard,aurora-beam
184,10,235,pixilate,cute-charm,nulo,cut,sand-attack,tackle,tail-whip,hyper-beam,dig,toxic
175,8,215,mold-breaker,unburden,limber,karate-chop,fire-punch,thunder-punch,swords-dance,cut,wing-attack,fly
151,2,22,plus,pickup,cheek-pouch,thunder-punch,cut,tackle,tail-whip,thunder-shock,thunderbolt,thunder-wave
100,3,57,sturdy,clear-body,cheek-pouch,tackle,rock-throw,toxic,psychic,double-team,harden,light-screen
60,3,28,gooey,hydration,sap-sipper,tackle,body-slam,counter,absorb,thunderbolt,toxic,double-team
158,8,175,gooey,hydration,sap-sipper,tackle,body-slam,ice-beam,blizzard,absorb,thunderbolt,toxic
270,20,1505,gooey,hydration,sap-sipper,fire-punch,thunder-punch,tackle,body-slam,flamethrower,ice-beam,blizzard
165,2,30,magician,prankster,sap-sipper,cut,tackle,hyper-beam,thunder-wave,toxic,psychic,double-team
62,4,70,harvest,frisk,natural-cure,cut,tackle,strength,leech-seed,growth,solar-beam,dig
166,15,710,harvest,frisk,natural-cure,cut,tackle,hyper-beam,strength,leech-seed,growth,solar-beam
67,4,50,insomnia,frisk,pickup,disable,flamethrower,leech-seed,razor-leaf,solar-beam,toxic,psychic
173,9,125,insomnia,frisk,pickup,flamethrower,hyper-beam,leech-seed,razor-leaf,solar-beam,toxic,psychic
61,10,995,sturdy,ice-body,own-tempo,tackle,take-down,double-edge,bite,mist,surf,ice-beam
180,20,5050,sturdy,ice-body,own-tempo,tackle,body-slam,take-down,double-edge,bite,roar,surf
49,5,80,telepathy,infiltrator,frisk,razor-wind,cut,gust,wing-attack,whirlwind,fly,tackle
187,15,850,telepathy,infiltrator,frisk,razor-wind,cut,gust,wing-attack,whirlwind,fly,tackle
306,30,2150,fairy-aura,nulo,nulo,cut,take-down,roar,aurora-beam,hyper-beam,thunderbolt,thunder-wave
306,58,2030,dark-aura,nulo,nulo,razor-wind,cut,fly,disable,hyper-beam,toxic,psychic
270,50,3050,aura-break,nulo,nulo,bind,bite,hyper-beam,strength,earthquake,dig,toxic
270,7,88,clear-body,nulo,nulo,tackle,hyper-beam,rock-throw,toxic,psychic,double-team,harden
270,5,90,magician,nulo,nulo,fire-punch,ice-punch,thunder-punch,psybeam,hyper-beam,thunderbolt,thunder-wave
270,17,1950,water-absorb,nulo,nulo,cut,stomp,body-slam,take-down,roar,flamethrower,mist
